text,label
"Freelance graphic designer required for social media content.,",relevant
"Looking for a designer to create marketing materials for a tech startup.,",relevant
"Need a graphic designer to design a business card.,",relevant
"Looking for a website designer to redesign a personal blog.,",relevant
"Hiring a senior UI/UX designer for a new app.,",relevant
"Need a part-time graphic designer to help with online advertising.,",relevant
"Looking for a freelance web designer to create an e-commerce site.,",relevant
"Need someone to manage the website and fix bugs.,",irrelevant
"Part-time data entry job for a student.,",irrelevant
"Looking for a logo designer for a non-profit organization.,",relevant
"Seeking a graphic designer for social media content creation.,",relevant
"Looking for a mobile app designer to create wireframes.,",relevant
"Urgently need a designer for brochure design.,",relevant
"Looking for a UI designer with experience in mobile app design.,",relevant
"Seeking a web designer for a corporate website.,",relevant
"Graphic designer needed for an ad campaign.,",relevant
"Freelance web developer needed for a simple WordPress website.,",irrelevant
"Content writer for technical blogs needed.,",irrelevant
"Looking for a photographer for event photography.,",irrelevant
"Part-time job in customer service.,",irrelevant
"Seeking a designer for poster design for an upcoming event.,",relevant
"Looking for an illustrator for a childrenâ€™s book.,",relevant
"Seeking a web designer for a portfolio site.,",relevant
"Need a designer for brand identity creation.,",relevant
"Looking for a graphic designer to help with merchandise design.,",relevant
"Web designer required for a custom website project.,",relevant
"Hiring a freelance designer for marketing collateral design.,",relevant
"Looking for a designer to create a website for a restaurant.,",relevant
"Need help with designing a flyer for a new product.,",relevant
"Looking for a UI designer for mobile app testing and design.,",relevant
"Freelance job for designing packaging for a new product.,",relevant
"Need a designer for designing promotional materials for a tech company.,",relevant
"Graphic designer needed to design infographics for a website.,",relevant
"Seeking a UI designer with experience in designing for e-commerce websites.,",relevant
"Freelance graphic designer needed for email marketing campaign.,",relevant
"Need a graphic designer to create digital illustrations.,",relevant
"Looking for a designer to help with website UI/UX for a startup.,",relevant
